human_rid,human_fid,original_df_index,real_path,fake_df_index,fake_path,human_fake,human_real,title,summary,ai_article,domain,model,strategy,language,num_sentences,num_words
The brutal gang rape-she said on Twitter.,"Timing is everything, and-get involved.Via: Breitbart News",2250,/data1/2025-Police/ai-gen/dataset/original/Eng/ayoobi_preprocessed.csv,31747.0,/data1/2025-Police/ai-gen/dataset/original/Eng/ISOT_fake_preprocessed.csv,"Timing is everything, and no one knows how to seize the moment better than members of the Kardashian family. The progressive left is determined to bully Americans into submission when it comes to accepting the LGBT lifestyle as mainstream. After spending years in the reality TV business, Bruce Jenner just happens to know a thing or two about marketing himself and has a chosen much kinder and more palatable approach. And now, in true Kardashian style, it s time to sit back and cash in and his contribution to the decay of our society big time.Watch new promo for Bruce s new show  I am Cait  here: How many people go through life and just waste their entire life because they never deal with themselves, with who they are?  Jenner says at the start of the 60-second spot. According to a press release, the eight-part, one-hour series I Am Cait will tell the story of Jenner as he lives his  new normal. Living for the first time as the person he feels he was born to be, the docuseries will also explore what Bruce s transition means for the people in his life and how those relationships are affected, while offering a better understanding of many of life s challenges,  E! said in the statement.The promo follows Jenner as he applies makeup in a mirror and drives  out into the world. It s so bright out there, look at that,  Jenner says from the backseat of a car.  Isn t it great that maybe someday you ll be normal? Just blend into society? You are normal,  a woman interjects. Put it this way: I m the new normal,  Jenner replies.Bruce Jenner, who appeared for the first time as a transgender woman on an infamous Vanity Fair magazine cover earlier this week, could parlay his transition into a half-billion dollar fortune within a decade, experts predict.Jenner s net worth is already estimated to be $100 million. But experts familiar with the earning potential of media figures told the New York Daily News that the former gold medal Olympian and Keeping Up with the Kardashians star could be worth as much as $500 million in the next five to ten years. She could become the wealthiest of them all,  VH1 s The Gossip Table host Rob Shuter told the paper, referring to the rest of the Kardashian family.  If Bruce Jenner made $100 million in 65 years, if all the stars align, she could be worth over $500 million in the next five to 10 years. Caitlyn is going to be a pioneer. Jenner is set to star in an eight-part, one-hour reality television series called I Am Cait, airing this summer on E! And he was already earning between $20,000-$40,000 in speaking fees prior to his transition, according to fee tracking website BigSpeak.com. But that figure could shoot up sharply in the wake of Jenner s transformation and subsequent magazine cover. A book deal could hit seven figures,  Brian Balthazar, editor of culture website Pop Goes the Week, told the Daily News.  Speeches could garner six figures each. There is no denying the transgender movement s recent ascendancy in the national culture. In addition to Jenner s record-breaking magazine cover and upcoming reality show, popular television shows like Amazon s Transparent have catapulted the issue to the forefront of American consciousness, and some companies are already jumping on the chance to get involved.Via: Breitbart News","The brutal gang rape and murder of an eight-year-old Muslim girl, in the northern Indian state of Jammu and Kashmir, has inflamed religious tensions and sparked widespread protests, in a case that is threatening to further destabilize an already restive region.
The small, lifeless body of the girl, whose identity is protected by Indian law, was recovered from a forest in the isolated Himalayan district of Kathua in late January after an extensive police search.
But it was the horrifying details that emerged following a police investigation made public this month that have seen the case gain nationwide attention.
Police say the young girl, who belonged to a Muslim nomadic community known as the Bakarwals, was abducted while grazing horses in a meadow on January 12.
From there, it is alleged she was taken to a Hindu temple, where she was drugged and held captive for five days.
During that period, police say she was raped repeatedly by several different men, before being murdered and dumped in a nearby forest on January 17. Postmortem reports concluded that she had been strangled to death.
Police have arrested eight men in connection with the death of the girl, including a retired government official and three police officers.
But rather than quell tensions, the swift police action has had the opposite effect, transforming the case into a lightning rod for radical sectarian anger.
The accused, all whom are Hindu, have seen their case picked up by an unlikely coalition of religious nationalists and legal professionals, who together have launched a campaign to have the charges dropped and the case handed over to federal investigators.
At the center of the controversy is a debate over the impartiality of the local police investigators, who supporters of the accused claim are biased, owing to their Muslim faith.
Indian demonstrators gather at the India Gate monument for a late night candlelight vigil on April 13. AFP/Getty Images
Tensions came to a head last week when violent protests erupted outside the local courthouse, as members of the state bar association attempted to physically stop police from filing charges against the accused.
Backed by a right-wing Hindu nationalist group called the Hindu Unity Council, the state bar association is now demanding that the Central Bureau of Investigation (CBI) take over the case.
We want a CBI investigation. The investigation is not based on correct facts. The victim and the accused are being tied to religion, said B.S. Slathia, president of the Jammu Bar Association.
Regional tensions
The incident took place in the small town of Kathua, in the southern Jammu region where Hindus form the majority of the population. The northern part of the state is comprised of the Indian-administered portion of the disputed Kashmir region, which is dominated by Muslims.
The nomadic community the girl belonged to have traditionally moved between the two regions, traveling to Jammu with their livestock during the winter months, before returning to the Kashmir region when the snow melts in the spring.
The practice has continued for generations, but in recent years the nomads have faced growing hostility from Hindu residents in the region, who claim they are encroaching on their land.
In justifying the Hindu Unity Councils defense of the accused, Vijay Sharma, the councils leader, claimed the state government had adopted a soft stance on the regions minority Muslim population.
The number of Muslims has grown in recent years, due to the arrival of several thousand Rohingya refugees from Myanmar.
We are already a sensitive state and they [Muslims] are a threat and their population is increasing, said Sharma, adding that the case was complex and a mix of four or five issues that concern the whole state.
The police, however, maintain that they have concrete evidence against the accused, who they allege plotted the girls abduction as a means of scaring the predominately-Muslim nomads into vacating the region.
Political dimension
The volatile mix has taken a political edge in recent days, as outrage over the case grows, inflaming long held grievances within both Hindu and Muslim communities.
Complicating efforts to pacify the situation, local members of Prime Minister Narendra Modis ruling Hindu nationalist Bhartiya Janata Party (BJP) have expressed a loss of faith in the Jammu police.
Are there no local Hindu police officials who are capable? The girl is a Muslim and the investigators are Muslim, said Rakesh Singh, a local BJP leader.
Singh insists that the men arrested are innocent and that a separate inquiry should be launched.
Amid the controversy, there have been growing calls for Modi to speak out on the matter. On Thursday, VK Singh, a junior foreign minister in Modis government, promised the victim would not be denied justice, announcing on Twitter that, We have failed [her] as humans.
Opposition parties have rounded on the BJP for not doing enough, with Rahul Gandhi, leader of the Indian National Congress, leading a candlelight vigil in New Delhi Thursday night for justice in both this case, and another ongoing rape case in BJP-ruled Uttar Pradesh state.
Gandhi was joined by more than a thousand people carrying banners and placards. How can anyone protect the culprits of such evil? said Gandhi in a statement released on social media.
The Jammu and Kashmir state government, led by chief minister, Mehbooba Mufti has staunchly denied accusations that proper procedures have been skirted during the investigation. Modis BJP is part of the state government.
The law will not be obstructed by the irresponsible actions and statements of a group of people, she said on Twitter.",Boyle and Jenner Launch London Arts Project for Working-Class and LGBTQ Youth,"Danny Boyle and Caitlyn Jenner have launched **“Square One,”** a London arts and media program aimed at **working-class and LGBTQ teenagers across Britain**. The yearlong initiative will offer **free training in music, film, performance, editing, media law, and public speaking**, with support from mentors including **Steve Jones and Paul Cook**.

The program begins this autumn in London and is designed to help young people turn personal experiences—such as **identity, family pressure, housing insecurity, and the cost-of-living crisis**—into **songs, short films, and digital media projects**. Organizers say they will provide **travel stipends, meals, counseling, legal advice, and welfare support** so low-income participants are not excluded.

The project has major media backing: **Danny Boyle will direct a documentary** about the first cohort, to be distributed by **Disney+ in Britain and parts of Europe** and **Hulu in the U.S.**, while **E!** will produce an **eight-part unscripted series** following selected participants. Revenue will help fund **bursaries, emergency housing referrals, mental-health support, and small development grants**.

Organizers say the goal is not to create a typical talent contest, but to give overlooked young people **skills, industry access, and more control over how their stories are told**. Though some critics worry major entertainment brands could dilute the project’s grassroots mission, Boyle and Jenner argue that broad distribution can amplify marginalized voices without sacrificing participant control.

**Applications open next week**, the first group starts in **September**, and the launch concert will raise money for **London youth shelters, community centers, and emergency arts funds**.","Boyle and Jenner Launch London Arts Project for Working-Class and LGBTQ Youth

Danny Boyle and Caitlyn Jenner stood together in Leicester Square on Tuesday to launch ""Square One,"" a London-based arts and media initiative that, after months of talks with youth charities, local councils and entertainment companies, will pair Steve Jones and Paul Cook with LGBTQ advocates, young actors and reality-television producers in a yearlong effort to help working-class teenagers turn personal stories into music, short films and digital programs, with financial backing and distribution commitments from Disney+, Hulu and E!.

Organizers said the program will begin this autumn with free workshops in rehearsal rooms off King's Road, where selected participants from across Britain will study songwriting, live performance, camera work, editing, media law and public speaking before pitching original projects about identity, family pressure, housing insecurity and the cost-of-living crisis, with travel stipends and meal support included so that applicants are not filtered out simply because they cannot afford repeated journeys into central London.

Boyle, who will direct a feature-length documentary following the first group of students from auditions to public performances, said he wanted to build something less polished than a conventional talent competition and more rooted in the restless energy that once made London's youth culture feel capable of confronting social hierarchies, adding that the point was not to manufacture instant stars but to give young people the technical confidence and institutional access that are usually reserved for those who already know how the industry works.

Jenner, joining as an executive producer and one of several public mentors, said the reality-television component commissioned by E! would focus not on celebrity spectacle but on how young people navigate public attention when private questions about gender, class, family expectations and belonging suddenly become content for audiences, advertisers and social media platforms, a process she said can be empowering for some participants but destabilizing for others unless they are given legal advice, counseling and meaningful editorial say over how their stories are told.

Jones and Cook, announced as music leads for the project, told reporters they plan to emphasize rehearsal discipline as much as attitude, saying participants will be expected to write original material and perform live at a series of neighborhood showcases rather than rely on backing tracks or image-making alone, with the strongest songs and stage concepts feeding into a finale scheduled for Leicester Square next spring that organizers hope will draw record labels, independent promoters, school groups and community arts networks.

The initiative has also secured the involvement of several fashion and film figures connected to King's Road, including designers working with archives associated with Vivienne Westwood, who will help students build stage looks from recycled and donated materials, while cinematographers and production designers will run weekend sessions on low-budget visual storytelling so that those interested in directing or costume work are not treated as secondary to performers, an approach Boyle said reflects the fact that cultural movements are usually shaped backstage as much as they are in front of microphones.

Disney+ will distribute Boyle's documentary in Britain and parts of Europe, Hulu will carry it in the United States, and executives involved in the agreement said the streaming rollout is designed to connect British youth arts groups with American nonprofits that have expanded services for transgender people and low-income young adults, while also creating a revenue pool that organizers say will be ringfenced for bursaries, emergency housing referrals, mental-health counseling and small grants for participants who want to keep developing their work after the cameras stop rolling.

A separate eight-part unscripted series for E! is expected to enter production later this summer, following selected participants as they move from small audition rooms to larger stages and discover how contracts, sponsorships, magazine profiles and online commentary can alter friendships and family dynamics when unfamiliar levels of visibility begin to look financially transformative, a theme producers said would be handled with slower pacing and more off-camera support than is common in entertainment formats built around conflict.

City officials backing the plan said the partnership could bring new foot traffic to central London venues still rebuilding audiences after years of economic strain, and several schools, youth theaters and community centers have already asked for places after hearing that applicants will receive training from drummers, vocal coaches, camera operators, editors, publicists and welfare advisers rather than being limited to a single discipline, with organizers setting aside a portion of admissions for teenagers referred by shelters and social workers.

Not everyone is convinced that a project involving major entertainment brands can preserve its grassroots promise, and some campaigners warned that stories about transition, poverty or social exclusion can easily be flattened into marketable narratives, but Boyle argued that wide distribution is precisely what gives teenagers from overlooked neighborhoods a realistic chance to be heard, while Jenner said commercial success and social understanding do not have to be enemies if participants retain control over their names, images, contracts and the terms on which they tell deeply personal experiences.

Applications open next week, with the first cohort set to start in September, and organizers said the launch concert will raise money for London youth shelters, community centers and emergency arts funds, with Jones describing that outcome as the point of the whole venture because talent, however rebellious, vulnerable or unconventional, too often disappears when young people cannot afford rehearsal space, safe housing, decent transport or simply enough time away from low-paid work to discover what they might become.","arts, culture, entertainment and media",GPT_5.4_pro,ib,eng,14,915
"Ritchie B. Tongo /-get our environment secure.""",A painting on display-and Modern Painters Magazine.,2372,/data1/2025-Police/ai-gen/dataset/original/Eng/ayoobi_preprocessed.csv,27884.0,/data1/2025-Police/ai-gen/dataset/original/Eng/ISOT_fake_preprocessed.csv,"A painting on display at a University of Alaska Anchorage art gallery, which depicts the severed head of President Donald Trump, is sparking debate about free speech rights and whether the image is appropriate for display, at a public institution.The artwork, created by Assistant Professor of Painting Thomas Chung, is part of a faculty art exhibition, at the UAA Fine Arts building.In describing his painting, Chung said,  It s an image of the actor who plays Captain America, and two eagles are sort of screaming into his ears, and he s holding the severed head of Trump, and there s a young Hillary Clinton clinging to his leg. I was reminded of those 80 s rock posters, where there s a woman in tattered clothes clinging to a strong male hero s leg. Chung says the motivation for the painting was his dismay over the results of the presidential election. After Trump was elected, I spent days just weeping. And it was really surprising, because I m not a political person,  Chung said.  I am a social artist. I deal mostly in ideals of culture and global culture, but this election bled into that. The painting has prompted debate on social media and complaints to the university.Paul Berger, a former adjunct professor at UAA, went to see the painting, after a family member saw it on display. Berger posted pictures of the painting on his Facebook page. The painting itself, I kind of found disturbing,  Berger said.  The image itself was very graphic. So from that point of view, and as a father, trying to explain to my children what the artist is trying to say   [it s] difficult. Berger said he supports free speech, but questions whether it is appropriate for display, at a publicly-funded institution. Had the roles been reversed, and it was Obama s head hanging there, I think the outrage would be fantastic,  Berger said.  As a free speech advocate, everyone has a right to express their opinion the way they want to express them. But as a parent and a citizen, there s a discussion. In a university setting, what s appropriate? Chung said he had reservations about putting his painting on display at UAA, because of its political message. I was really torn about putting this piece up a faculty show, because I would never talk about my own political beliefs to my students,  Chung said.  I would never push that upon them and make them feel uncomfortable, and so I wondered to myself if putting up this painting was in a way doing that. But I realized that I feel very strongly about this, and I think even students that might be pro-Trump supporters could benefit from having a conversation with me about why I feel this way   why I painted this. Berger, who describes himself as a political conservative, questions whether a painting, depicting the decapitation of the president, will help civil discourse about politics. Prior to the election, it was important to the opposing side that we accept, move forward, respect our president and respect the rule of law,  Berger said.  As we raise our kids in our schools, we try to teach them and inculcate them in our civics. Paintings like that   I really think   send a strong, powerful, wrong message to children and students. Steven Godfrey, chairman of the Fine Arts Department at UAA, said,  I guess the people are upset about the work that s being shown. If they were taking a class at the university and made art that was considered controversial, no matter what their political or religious bent is, we would do our best to protect them and protect their rights to make that kind of work in the institution, whether it would be a student or faculty. The exhibition that includes the painting is scheduled to remain on display through April 20, in the Kimora Gallery.  KTUUTom Chung was born in New Jersey and grew up in Hong Kong and New York City. He received his Bachelors of Fine Arts Degree from the San Francisco Art Institute in 2010 and his Masters of Fine Arts Degree from Yale University in 2013. He has participated in numerous group and solo shows throughout the United States. His multidisciplinary work has been written about in Art in America, The New Yorker, and Modern Painters Magazine.","Ritchie B. Tongo / EPA
Related: 'WannaCry' Malware Cyberattack Slows, But Threat Remains, Experts Say
""This attack provides yet another example of why the stockpiling of vulnerabilities by governments is such a problem. This is an emerging pattern in 2017,"" Smith said in a statement. ""We have seen vulnerabilities stored by the CIA show up on WikiLeaks, and now this vulnerability stolen from the NSA has affected customers around the world. Repeatedly, exploits in the hands of governments have leaked into the public domain and caused widespread damage."" He likened the situation to what would happen - hypothetically - if the U.S. military had some of its Tomahawk missiles stolen. ""The governments of the world should treat this attack as a wake-up call. They need to take a different approach and adhere in cyberspace to the same rules applied to weapons in the physical world. We need governments to consider the damage to civilians that comes from hoarding these vulnerabilities and the use of these exploits,"" he said. Until this weekend's attack, Microsoft declined to officially confirm this, as US Gov refused to confirm or deny this was their exploit. https://t.co/i52jeJyD0l  Edward Snowden (@Snowden) May 14, 2017
Microsoft called for a ""Digital Geneva Convention"" in February, asking for governments to report vulnerabilities to vendors, rather than stockpiling, selling or even using them. Jeremiah Grossman, chief of security strategy at SentinelOne, told NBC News this instance may serve as a huge lesson in driving the conversation. ""Effectively, what Microsoft is saying is they don't want any government hoarding zero days because of situations like this,"" Grossman told NBC News. ""We have to protect the nation and have to protect people first, but they had a leak."" Related: Ransomware Attack: This is the Total Paid and How the Virus Spread
While it looked to Grossman like Smith, of Microsoft, ""came out swinging"" at the National Security Agency, he said we shouldn't expect to hear anything concrete from the highly secretive group. ""We are not going to get a response unless it is in their best interest, and in this case, I can't imagine a narrative where it is,"" Grossman said. Josh Feinblum, vice president of information security at cyber security firm Rapid7, told NBC News the WannaCry debacle speaks to a ""broader industry challenge."" ""I think that this exploit would have existed whether the NSA had discovered it or not,"" Feinblum said. ""It's easy to want to pass blame, but I think it is a cost of operating in such a highly technological society and we just have to do a better job in figuring out how to get our environment secure.""",UAA Plans Anchorage-Brighton Arts Forum on Free Expression,"The University of Alaska Anchorage is launching **Common Ground Sessions**, a weeklong arts forum this spring focused on **free expression, public accountability, and difficult art**. The program will feature a new installation by assistant professor **Thomas Chung** and performances by **Nadia Reid, Meilyr Jones, Eska Mtungwazi, and Jack Colleran**, with events shared live between Anchorage and **Brighton’s Sallis Benney theatre**.

UAA says the goal is to explore how a **public university** can support challenging artistic work while also giving **students, parents, taxpayers, and critics** space to question it openly. The format includes **performances, moderated discussions, audience questions, family-accessible rehearsals, published age guidance, and teacher workshops** on free speech, public institutions, and controversial art.

Chung said he joined only after organizers agreed the event would not pressure artists to soften their views, though he also supported rules against personal attacks. His installation will focus on themes like **fear, belonging, patriotism, and political language**, rather than direct political portraits.

Reaction has been mixed: some students welcomed the university’s willingness to host controversial programming, while others questioned the cost during a tight budget year. UAA responded that most expenses are being covered by **private donors, ticket sales, and British partners**, not general tuition funds. Organizers say the event will be successful if people who expect to be offended still stay and engage seriously with the art and artists.","UAA Plans Anchorage-Brighton Arts Forum on Free Expression

The University of Alaska Anchorage said on Tuesday that it would stage a weeklong transatlantic arts forum this spring, pairing a new exhibition by assistant professor Thomas Chung with performances by singer-songwriter Nadia Reid, Welsh composer Meilyr Jones, British vocalist Eska Mtungwazi and Irish electronic musician Jack Colleran, in an effort to test how a public university can present forceful art while still making room for parents, students and taxpayers who dislike what they see and hear. The program, titled Common Ground Sessions, will begin at the Kimora Gallery inside the Fine Arts building before shifting to evening events shared with the Sallis Benney theatre in Brighton through a live digital link, a format organizers said was designed to connect Alaska audiences with a British venue known for intimate performances and to give artists a chance to address the same questions about expression, civics and institutional responsibility in two sharply different cultural settings. Steven Godfrey, chairman of UAA's Fine Arts Department, said the idea emerged after faculty discussions about whether universities too often defend creative freedom in theory but fail to provide a disciplined public setting in which critics of challenging work can question artists directly, ask how public money is being spent and hear why a piece that feels abrasive or unsettling may still belong in an academic environment.

Under the plan, Chung will present a newly commissioned installation combining student paintings, projected fragments of song lyrics, classroom notes and recorded testimony from Anchorage residents, while Reid, Jones, Eska and Colleran will each perform short sets followed by moderated conversations about authorship, emotional risk and the difference between art that invites argument and art that merely seeks attention, with the university promising that audience members will be able to submit written questions and speak from floor microphones. Chung, who was born in New Jersey, grew up in Hong Kong and New York City, and later earned degrees from the San Francisco Art Institute and Yale University, said he agreed to take part only after organizers accepted his insistence that the event should not become a civility exercise in which artists are pressed to dilute their convictions, even as he also pushed for clear ground rules that would keep personal attacks and partisan chanting out of the room. Advance images released by UAA show that Chung's work will avoid portraits of elected officials and instead layer photographs of empty lecture halls, two amplified eagle calls and handwritten reflections from students about fear, belonging and patriotism, a choice he said was meant to redirect attention from personalities toward the more durable question of how national language enters classrooms, galleries and family conversations when political temperatures rise.

Paul Berger, a former adjunct professor who was invited onto a community advisory panel after years of speaking about children's exposure to challenging material in publicly supported venues, said he appreciated the university's decision to publish age guidance, hold afternoon rehearsals open to families and make the curatorial statement available in advance, but remained doubtful that an event financed partly with state funds could avoid sliding from cultural exploration into one-sided advocacy. Reid and Jones, in written comments distributed by the organizers, said campus audiences tend to listen more patiently than festival crowds and often ask sharper questions about craft, while Eska described the Anchorage residency as an opportunity to see whether an intimate room could sustain disagreement without losing its sense of wonder, and Colleran said he planned to build his closing performance from audience recordings gathered during workshops on memory, noise, speech and the fraying edges of sound. The workshops will also include sessions for local teachers, who are being offered lesson plans on free expression, the responsibilities of public institutions and the history of works that were initially rejected by communities before being reconsidered as serious cultural statements, a move UAA officials said could help schools prepare older students for a forum likely to move quickly from aesthetic judgment to broader questions about citizenship and dissent.

Reaction on campus was divided after the announcement, with some students praising the administration for refusing to treat controversy as a reason to retreat from difficult programming and others questioning why the university was bringing in overseas performers during a tight budget year, prompting officials to say that most travel, technical and housing costs were being met by private donors, ticket sales and British partners rather than by general tuition revenue. By Wednesday afternoon, the first night's seats were nearly gone, a result organizers attributed partly to curiosity about the unusual mix of folk songwriting, theatrical pop, experimental electronics and visual art, and partly to a public mood in Anchorage that has grown weary of online quarrels and may be more open to events where disagreement unfolds slowly, under lights and in front of neighbors, instead of through anonymous posts and clipped slogans. Common Ground Sessions will remain in Anchorage through April 20 before the final discussion is carried back to Brighton, where the Sallis Benney theatre audience will be asked to respond to material generated in Alaska, and Godfrey said the experiment would count as a success not if everyone left impressed or persuaded, but if people who arrived expecting offense stayed long enough to wrestle seriously with artists whose work unsettled them.","arts, culture, entertainment and media",GPT_5.4_pro,ib,eng,13,886
